City_ID,City,Lat,Lng,Max Temp,Humidity,Cloudiness,Wind Speed,Country,Date
0,bredasdorp,-34.5322,20.0403,64.99,92,79,7.9,ZA,1704414529
1,blackmans bay,-43.0167,147.3167,69.53,56,53,1.99,AU,1704414530
2,bethel,41.3712,-73.414,33.89,50,0,14.97,US,1704414530
3,avarua,-21.2078,-159.775,82.45,78,75,18.41,CK,1704414530
4,papatowai,-46.5619,169.4708,54.01,50,88,11.21,NZ,1704414531
5,punta arenas,-53.15,-70.9167,51.91,87,100,4.61,CL,1704414531
6,ushuaia,-54.8,-68.3,46.06,87,75,12.66,AR,1704414301
7,port-aux-francais,-49.35,70.2167,40.17,68,53,27.63,TF,1704414532
8,hawaiian paradise park,19.5933,-154.9731,77.88,79,100,14.97,US,1704414533
9,uturoa,-16.7333,-151.4333,80.42,79,100,25.05,PF,1704414533
10,kapuskasing,49.4169,-82.4331,5.09,78,100,9.22,CA,1704414534
11,kingston,17.997,-76.7936,83.35,76,75,10.36,JM,1704414535
12,puerto natales,-51.7236,-72.4875,53.76,87,100,1.72,CL,1704414535
13,palikir - national government center,6.9248,158.1611,86.74,74,75,9.22,FM,1704414536
14,santyoku,37.4406,129.1708,44.2,66,29,7.72,KR,1704414536
15,aykhal,66.0,111.5,-31.7,97,27,1.86,RU,1704414537
16,saint-francois,46.4154,3.9054,46.65,74,0,6.91,FR,1704414537
17,dinghaicun,26.2847,119.7936,52.72,69,15,8.48,CN,1704414538
18,arraial do cabo,-22.9661,-42.0278,75.16,88,75,3.44,BR,1704414538
19,edinburgh of the seven seas,-37.0676,-12.3116,56.86,66,36,22.68,SH,1704414539
20,ambon,-3.6954,128.1814,87.93,100,20,3.44,ID,1704414539
21,the pas,53.8251,-101.2541,19.42,79,100,9.22,CA,1704414540
22,adamstown,-25.066,-130.1015,74.53,83,87,16.55,PN,1704414540
23,chernyshevskiy,63.0128,112.4714,-16.8,96,100,6.87,RU,1704414541
24,villa dolores,-31.9459,-65.1896,80.98,49,59,9.84,AR,1704414541
25,udachny,66.4167,112.4,-41.28,100,50,1.5,RU,1704414542
26,hadibu,12.65,54.0333,75.06,57,53,10.85,YE,1704414542
27,tsiombe,-25.3,45.4833,72.91,89,21,9.51,MG,1704414543
28,morwa,22.9,73.8333,58.98,61,0,7.72,IN,1704414543
29,kavaratti,10.5669,72.642,81.16,78,100,7.63,IN,1704414544
30,flagstaff,35.1981,-111.6513,32.52,77,0,8.05,US,1704414544
31,mersing,2.4312,103.8405,75.11,94,40,8.05,MY,1704414545
32,waitangi,-43.9535,-176.5597,62.82,89,100,27.2,NZ,1704414546
33,essaouira,31.5125,-9.77,60.3,51,20,1.14,MA,1704414546
34,shimoda,34.6667,138.95,56.1,64,63,6.69,JP,1704414547
35,alofi,-19.0595,-169.9187,87.69,58,75,12.66,NU,1704414547
36,grytviken,-54.2811,-36.5092,42.64,87,97,11.27,GS,1704414547
37,yaren,-0.5472,166.916,82.6,74,100,9.64,NR,1704414548
38,albany,42.6001,-73.9662,24.57,63,6,3.0,US,1704414550
39,acarau,-2.8856,-40.12,81.18,80,82,13.87,BR,1704414287
40,wailua homesteads,22.0669,-159.378,81.03,74,0,6.91,US,1704414551
41,touros,-5.1989,-35.4608,80.85,79,2,10.16,BR,1704414552
42,funafuti,-8.5243,179.1942,84.99,71,100,8.63,TV,1704414552
43,anadyr,64.75,177.4833,1.9,78,0,6.71,RU,1704414553
44,ayaviri,-14.8864,-70.5889,48.06,84,72,3.76,PE,1704414554
45,constantia,44.1833,28.65,43.7,82,52,17.98,RO,1704414554
46,pisco,-13.7,-76.2167,73.45,78,0,18.41,PE,1704414555
47,turpan,42.9333,89.1667,26.28,58,9,1.32,CN,1704414556
48,ribeira grande,38.5167,-28.7,62.78,93,100,21.0,PT,1704414556
49,kirakira,-10.4544,161.9205,84.06,76,97,3.2,SB,1704414557
50,suva,-18.1416,178.4415,81.88,89,75,0.0,FJ,1704414557
51,lebu,-37.6167,-73.65,59.92,89,71,9.95,CL,1704414559
52,palmas,-10.2128,-48.3603,76.87,94,40,4.61,BR,1704414559
53,christchurch,-43.5333,172.6333,57.33,94,100,8.05,NZ,1704414378
54,whitehorse,60.7161,-135.0538,18.37,93,75,24.16,CA,1704414560
55,iskateley,67.6803,53.1512,8.02,98,95,5.99,RU,1704414561
56,ust-nera,64.5667,143.2,-44.23,98,76,3.56,RU,1704414562
57,vila franca do campo,37.7167,-25.4333,64.89,99,99,12.41,PT,1704414563
58,invercargill,-46.4,168.35,54.01,74,100,10.0,NZ,1704414564
59,vilyuchinsk,52.9306,158.4028,7.93,75,100,7.83,RU,1704414565
60,talnakh,69.4865,88.3972,-10.14,94,100,19.1,RU,1704414565
61,alice springs,-23.7,133.8833,92.75,29,78,12.66,AU,1704414567
62,tamboril,19.4854,-70.611,74.17,94,20,0.0,DO,1704414568
63,niquelandia,-14.4739,-48.4597,70.93,98,99,1.97,BR,1704414305
64,monte caseros,-30.2536,-57.6363,72.82,73,52,6.93,AR,1704414569
65,guarapari,-20.6667,-40.4975,76.89,98,100,3.02,BR,1704414570
66,upington,-28.4478,21.2561,82.78,36,89,12.66,ZA,1704414571
67,myeik,12.4333,98.6,73.45,73,65,4.32,MM,1704414571
68,dunedin,-45.8742,170.5036,54.81,91,84,4.0,NZ,1704414572
69,salekhard,66.53,66.6019,-21.91,100,66,2.26,RU,1704414572
70,quelimane,-17.8786,36.8883,73.9,92,71,3.29,MZ,1704414573
71,morehead city,34.7229,-76.726,44.02,71,0,9.22,US,1704414573
72,akcakoca,41.0866,31.1162,54.37,84,96,13.38,TR,1704414574
73,bilibino,68.0546,166.4372,-23.78,99,100,1.45,RU,1704414574
74,port shepstone,-30.7414,30.455,68.43,82,84,8.25,ZA,1704414575
75,isafjordur,66.0755,-23.124,30.94,98,93,7.54,IS,1704414576
76,puerto ayacucho,5.6639,-67.6236,82.29,44,46,4.56,VE,1704414577
77,college,64.8569,-147.8028,8.55,66,75,13.8,US,1704414577
78,villa ojo de agua,-29.5,-63.6938,77.38,47,4,10.07,AR,1704414578
79,saint-philippe,-21.3585,55.7679,78.39,87,88,3.36,RE,1704414578
80,lamu,-2.2717,40.902,77.22,81,2,9.06,KE,1704414579
81,arkalyk,50.2486,66.9114,27.52,97,100,12.53,KZ,1704414580
82,port alfred,-33.5906,26.891,68.92,85,26,20.13,ZA,1704414580
83,tuy hoa,13.0833,109.3,70.7,84,95,6.06,VN,1704414581
84,okhotsk,59.3833,143.3,-23.13,84,12,7.83,RU,1704414581
85,cidreira,-30.1811,-50.2056,70.72,88,12,14.27,BR,1704414582
86,olonkinbyen,70.9221,-8.7187,20.88,81,99,10.6,SJ,1704414583
87,east london,-33.0153,27.9116,68.94,81,33,14.79,ZA,1704414584
88,ilulissat,69.2167,-51.1,19.42,86,100,12.66,GL,1704414584
89,hermanus,-34.4187,19.2345,66.74,85,37,8.93,ZA,1704414585
90,spas-demensk,54.4122,34.0226,2.97,85,100,8.77,RU,1704414585
91,sisimiut,66.9395,-53.6735,11.25,71,40,15.57,GL,1704414586
92,kruisfontein,-34.0033,24.7314,68.88,95,5,8.63,ZA,1704414586
93,badger,64.8,-147.5333,8.47,66,75,13.8,US,1704414587
94,port elizabeth,-33.918,25.5701,71.1,95,20,13.8,ZA,1704414588
95,teruel,40.6667,-0.6667,42.12,91,100,7.9,ES,1704414588
96,pangai,-19.8,-174.35,86.11,70,40,17.27,TO,1704414589
97,namibe,-15.1961,12.1522,71.4,72,80,7.7,AO,1704414589
98,allada,6.6655,2.1514,83.16,82,77,4.16,BJ,1704414590
99,puerto ayora,-0.7393,-90.3518,77.56,92,63,5.99,EC,1704414590
100,linkou,45.3,130.2833,12.49,76,82,12.39,CN,1704414591
101,qaqortoq,60.7167,-46.0333,18.84,87,99,7.72,GL,1704414592
102,fale old settlement,-9.3852,-171.2468,84.27,66,97,8.97,TK,1704414593
103,daru,-9.0763,143.2092,84.33,72,100,2.46,PG,1704414593
104,mazagao,-0.115,-51.2894,87.85,95,100,3.78,BR,1704414594
105,stanley,54.868,-1.6985,39.78,95,40,2.3,GB,1704414594
106,sinazongwe,-17.2614,27.4618,73.22,90,78,6.02,ZM,1704414595
107,pandan,14.0453,124.1694,79.92,84,88,17.18,PH,1704414596
108,mount isa,-20.7333,139.5,87.57,55,40,5.75,AU,1704414596
109,haiku-pauwela,20.9219,-156.3051,80.62,62,20,10.36,US,1704414597
110,ginir,7.1333,40.7,56.73,53,55,3.18,ET,1704414598
111,atafu village,-8.5421,-172.5159,84.6,62,91,9.33,TK,1704414598
112,west island,-12.1568,96.8225,80.58,89,40,6.91,CC,1704414599
113,codrington,-38.2667,141.9667,70.57,64,85,12.86,AU,1704414599
114,butembo,0.15,29.2833,59.9,82,100,1.59,CD,1704414600
115,longyearbyen,78.2186,15.6401,-4.16,54,75,12.66,SJ,1704414603
116,naze,28.3667,129.4833,59.92,56,0,0.74,JP,1704414605
117,nouadhibou,20.931,-17.0347,67.98,52,0,13.8,MR,1704414607
118,villa emilio carranza,19.9667,-96.6,68.31,92,91,1.28,MX,1704414609
119,samana,19.2056,-69.3369,74.89,90,0,4.63,DO,1704414611
120,kibaya,-5.3,36.5667,60.98,94,99,2.21,TZ,1704414613
121,bolobo,-2.1667,16.2333,72.99,91,100,2.44,CD,1704414614
122,happy valley-goose bay,53.3168,-60.3315,12.51,73,100,0.0,CA,1704414615
123,nar'yan-mar,67.6713,53.087,8.11,98,87,5.99,RU,1704414616
124,mogocha,53.7333,119.7667,-12.3,97,100,1.34,RU,1704414616
125,usevia,-7.1,31.2333,66.07,88,100,2.15,TZ,1704414617
126,lihue,21.9789,-159.3672,81.64,67,0,6.91,US,1704414618
127,qarauyl,48.9451,79.255,24.06,58,100,10.85,KZ,1704414619
128,ariguani,10.25,-74.0,81.97,63,99,2.93,CO,1704414620
129,balnearia,-31.0088,-62.6673,79.5,49,0,7.56,AR,1704414621
130,mangaldai,26.4333,92.0333,55.89,69,0,4.45,IN,1704414622
131,kone,-21.0595,164.8658,89.44,51,64,4.27,NC,1704414623
132,st. john's,47.5649,-52.7093,30.78,95,100,13.8,CA,1704414500
133,segou,13.4317,-6.2157,73.67,12,9,9.06,ML,1704414624
134,remire-montjoly,4.9167,-52.2667,80.64,83,100,8.05,GF,1704414625
135,portland,45.5234,-122.6762,50.58,94,100,3.0,US,1704414380
136,eagle point,42.4726,-122.8028,46.96,93,100,0.0,US,1704414627
137,yellowknife,62.456,-114.3525,-25.58,92,75,5.75,CA,1704414361
138,kushiro,42.975,144.3747,23.95,93,75,6.91,JP,1704414629
139,prince george,53.9166,-122.753,35.26,92,75,13.8,CA,1704414620
140,kismayo,-0.3582,42.5454,79.48,79,0,11.95,SO,1704414631
141,san antonio de pale,-1.4014,5.6325,80.44,78,88,7.81,GQ,1704414633
142,nyurba,63.2842,118.3319,-23.57,96,100,7.23,RU,1704414634
143,moche,-8.1711,-79.0092,71.78,88,40,9.22,PE,1704414635
144,antonio enes,-16.2325,39.9086,77.36,88,100,8.55,MZ,1704414636
145,lerwick,60.1545,-1.1494,41.0,94,100,31.88,GB,1704414637
146,newman,37.3138,-121.0208,57.54,66,0,5.99,US,1704414638
147,shiguai,40.7058,110.2856,7.97,80,21,3.38,CN,1704414640
148,tianpeng,30.9866,103.9393,48.2,54,92,3.31,CN,1704414641
149,ola,59.5833,151.2833,-12.44,85,1,6.8,RU,1704414643
150,krasnoshchekovo,51.6708,82.7289,13.5,88,100,4.56,RU,1704414644
151,carnarvon,-24.8667,113.6333,80.56,68,0,9.33,AU,1704414645
152,port mathurin,-19.6833,63.4167,82.29,79,100,9.91,MU,1704414646
153,kamaishi,39.2667,141.8833,44.33,63,16,9.62,JP,1704414647
154,thompson,55.7435,-97.8558,-0.24,78,20,13.8,CA,1704414424
155,howard springs,-12.497,131.047,90.88,71,100,2.8,AU,1704414649
156,boyalik,41.2634,28.6314,54.52,86,61,8.68,TR,1704414650
157,erdenet,49.0333,104.0833,-3.37,97,98,0.51,MN,1704414650
158,enewetak,11.3474,162.3373,80.98,74,48,18.86,MH,1704414651
159,tanout,14.9709,8.8879,61.84,21,100,10.16,NE,1704414651
160,la'ie,21.6477,-157.9253,82.36,73,100,5.01,US,1704414652
161,coronel dorrego,-38.7187,-61.2873,69.87,76,91,2.28,AR,1704414652
162,laguna,38.421,-121.4238,61.3,62,0,8.05,US,1704414654
163,georgetown,5.4112,100.3354,80.53,81,20,5.75,MY,1704414655
164,taco pozo,-25.6167,-63.2833,82.18,44,0,0.87,AR,1704414657
165,miri,4.4148,114.0089,80.74,94,20,3.44,MY,1704414658
166,ulsteinvik,62.3432,5.8487,29.75,57,96,8.01,NO,1704414659
167,timimoun,29.2639,0.231,48.58,34,0,3.44,DZ,1704414660
168,utrik,11.2278,169.8474,79.74,65,100,17.54,MH,1704414660
169,kralendijk,12.15,-68.2667,82.38,78,20,14.97,BQ,1704414662
170,amasra,41.7463,32.3863,52.59,94,100,18.32,TR,1704414663
171,new norfolk,-42.7826,147.0587,70.72,31,12,1.72,AU,1704414664
172,vadso,70.0744,29.7487,5.16,92,100,12.66,NO,1704414664
173,margate,51.3813,1.3862,48.9,90,85,10.0,GB,1704414197
174,minas de marcona,-15.2119,-75.1103,64.92,80,54,10.07,PE,1704414666
175,cabo san lucas,22.8909,-109.9124,74.75,53,75,9.22,MX,1704414379
176,altay,47.8667,88.1167,12.99,67,60,6.85,CN,1704414667
177,san patricio,28.017,-97.5169,66.83,73,86,5.39,US,1704414667
178,tiksi,71.6872,128.8694,-30.33,100,88,3.31,RU,1704414668
179,port lincoln,-34.7333,135.8667,70.41,69,26,12.66,AU,1704414669
180,ubari,26.5921,12.7805,55.36,40,5,9.69,LY,1704414669
181,hamilton,39.1834,-84.5333,31.93,71,0,0.0,US,1704414670
182,praia da vitoria,38.7333,-27.0667,61.75,94,75,19.53,PT,1704414671
183,brazzaville,-4.2658,15.2832,77.31,93,100,1.16,CG,1704414672
184,ta`u,-14.2336,-169.5144,82.71,78,27,16.02,AS,1704414673
185,hasaki,35.7333,140.8333,43.29,53,23,9.64,JP,1704414673
186,vallenar,-28.5708,-70.7581,67.59,55,0,3.69,CL,1704414675
187,atar,20.5169,-13.0499,66.88,15,0,7.31,MR,1704414676
188,lock haven,41.137,-77.4469,30.09,59,0,6.96,US,1704414677
189,fyodorovka,53.6314,62.7078,9.63,91,59,10.65,KZ,1704414680
190,lloydminster,53.2835,-110.0016,19.62,93,100,5.75,CA,1704414681
191,carutapera,-1.195,-46.02,77.09,94,100,5.17,BR,1704414682
192,asubulaq,49.5583,83.0558,13.39,88,100,7.63,KZ,1704414684
193,luderitz,-26.6481,15.1594,63.39,94,0,6.71,NA,1704414684
194,fortuna,40.5982,-124.1573,56.98,90,100,1.99,US,1704414685
195,sarakhs,36.5449,61.1577,49.73,54,28,8.21,IR,1704414686
196,sison,16.1739,120.5153,80.73,63,70,3.67,PH,1704414686
197,salalah,17.0151,54.0924,69.89,52,0,4.61,OM,1704414615
198,murghob,38.1702,73.9667,7.54,66,100,4.07,TJ,1704414688
199,thai nguyen,21.5928,105.8442,64.18,82,100,1.34,VN,1704414689
200,san andres,12.5847,-81.7006,84.22,70,40,4.61,CO,1704414690
201,siasi,5.5462,120.8145,82.51,77,100,5.28,PH,1704414691
202,mar del plata,-38.0023,-57.5575,72.09,86,0,25.99,AR,1704414490
203,tura,25.5198,90.2201,54.61,72,0,3.24,IN,1704414693
204,muscat,23.6139,58.5922,69.82,61,0,12.19,OM,1704414693
205,iqaluit,63.7506,-68.5145,-7.31,63,20,4.61,CA,1704414694
206,fort saskatchewan,53.7168,-113.2187,21.0,93,20,2.3,CA,1704414695
207,alterosa,-21.2492,-46.1431,68.31,89,100,2.91,BR,1704414695
208,aasiaat,68.7098,-52.8699,12.49,92,94,11.83,GL,1704414697
209,lompoc,34.6391,-120.4579,60.94,63,0,16.11,US,1704414698
210,afaahiti,-17.75,-149.2833,82.27,86,100,17.36,PF,1704414698
211,rio gallegos,-51.6226,-69.2181,57.25,82,20,11.5,AR,1704414691
212,sint michiel liber,12.15,-68.9833,82.22,78,20,12.66,CW,1704414699
213,tazovsky,67.4667,78.7,-8.41,85,100,14.32,RU,1704414700
214,ash shatrah,31.4117,46.1742,57.09,61,0,7.63,IQ,1704414701
215,flying fish cove,-10.4217,105.6791,82.08,83,75,2.3,CX,1704414702
216,abra pampa,-22.7205,-65.697,51.76,63,31,6.49,AR,1704414703
217,mutuali,-14.8706,37.0044,69.17,95,100,2.37,MZ,1704414704
218,port hedland,-20.3167,118.5667,84.25,65,6,13.8,AU,1704414705
219,tadine,-21.55,167.8833,83.68,60,24,6.2,NC,1704414706
220,nuku'alofa,-21.1333,-175.2,84.54,74,20,14.97,TO,1704414706
221,kaele,10.1092,14.4508,71.71,19,21,8.86,CM,1704414707
222,callao,-12.0667,-77.15,78.71,78,75,10.36,PE,1704414708
223,broome,42.2506,-75.833,23.9,79,20,9.22,US,1704414708
224,acapulco de juarez,16.8634,-99.8901,82.22,65,20,11.5,MX,1704414652
225,puerto leguizamo,-0.1934,-74.7819,79.5,69,100,2.91,CO,1704414709
226,faya-largeau,17.9257,19.1043,64.89,28,8,18.7,TD,1704414710
227,mantua,45.1667,10.7833,42.1,90,100,4.0,IT,1704414711
228,freetown,8.484,-13.2299,80.31,83,13,6.91,SL,1704414711
229,selfoss,63.9331,-20.9971,23.85,81,91,9.4,IS,1704414712
230,ulladulla,-35.35,150.4667,66.9,78,93,5.59,AU,1704414466
231,greymouth,-42.4667,171.2,58.69,89,100,2.73,NZ,1704414713
232,raduzhny,62.0961,77.475,-1.86,97,100,13.65,RU,1704414713
233,gemena,3.25,19.7667,72.73,35,62,1.95,CD,1704414714
234,eldama ravine,0.0516,35.7308,58.89,66,100,1.74,KE,1704414714
235,kazanskoye,55.6448,69.235,21.43,97,99,7.81,RU,1704414715
236,guerrero negro,27.9769,-114.0611,61.88,59,0,16.69,MX,1704414716
237,fort bragg,35.139,-79.006,44.15,55,0,5.75,US,1704414717
238,kilindoni,-7.9139,39.6668,80.08,81,100,6.24,TZ,1704414717
239,villa zempoala,19.45,-96.4167,73.9,89,92,2.17,MX,1704414718
240,fort irwin,35.2627,-116.6848,55.22,28,0,13.8,US,1704414718
241,port macquarie,-31.4333,152.9167,73.89,84,100,13.42,AU,1704414719
242,gamba,-2.65,10.0,77.23,86,51,3.87,GA,1704414720
243,sinabang,2.4803,96.3801,80.8,77,18,2.42,ID,1704414720
244,north la crosse,43.8464,-91.2482,28.65,71,100,3.44,US,1704414721
245,vorgashor,67.5833,63.95,-18.02,100,100,5.66,RU,1704414722
246,at taj,24.2049,23.2857,51.66,47,0,8.68,LY,1704414724
247,mirny,62.5353,113.9611,-16.13,95,100,9.1,RU,1704414724
248,paulden,34.8856,-112.4682,43.39,62,81,8.01,US,1704414725
249,sitka,57.0531,-135.33,39.09,81,75,10.36,US,1704414725
250,cannonvale,-20.2833,148.7,85.39,64,7,10.0,AU,1704414726
251,mili,6.0815,171.735,81.81,73,100,19.35,MH,1704414726
252,pucallpa,-8.3791,-74.5539,75.24,100,75,0.0,PE,1704414474
253,tidjikja,18.5564,-11.4271,68.61,15,0,10.87,MR,1704414728
254,broken hill,-31.95,141.4333,90.25,37,17,13.27,AU,1704414728
255,amos,48.5669,-78.1162,7.92,86,100,5.03,CA,1704414610
256,margaret river,-33.95,115.0667,69.76,48,0,5.75,AU,1704414729
257,kertih,4.5141,103.4483,78.82,94,40,2.3,MY,1704414730
258,buchanan,5.8808,-10.0467,78.85,86,30,6.76,LR,1704414731
259,ataq,14.5377,46.8319,60.31,69,32,6.22,YE,1704414731
260,mabaruma,8.2,-59.7833,73.76,90,38,3.31,GY,1704414732
261,newnham,-41.3833,147.1333,70.75,60,75,9.22,AU,1704414733
262,rio rancho,35.2334,-106.6645,34.79,93,100,4.61,US,1704414450
263,vilyuysk,63.7553,121.6247,-22.38,96,100,7.14,RU,1704414734
264,boyolangu,-8.1181,111.8935,80.82,84,100,5.03,ID,1704414734
265,sumbawa besar,-8.5,117.4333,85.08,70,100,1.92,ID,1704414735
266,talakan,50.3167,130.3667,4.15,92,100,3.87,RU,1704414736
267,nevers,46.9167,3.3333,45.84,85,100,7.14,FR,1704414736
268,smara,26.7384,-11.6719,61.84,34,0,5.41,EH,1704414737
269,sungai raya,0.7,108.9,77.11,90,100,4.18,ID,1704414737
270,ad dawadimi,24.5077,44.3924,52.95,60,0,7.54,SA,1704414738
271,cosala,24.4125,-106.6908,60.48,75,19,2.82,MX,1704414739
272,naryn,41.4287,75.9911,14.22,72,100,6.87,KG,1704414739
273,saipan,15.1355,145.701,84.9,74,20,10.36,MP,1704414740
274,paraty,-23.2178,-44.7131,73.54,96,100,4.21,BR,1704414741
275,chonchi,-42.6128,-73.8092,64.11,93,100,3.24,CL,1704414742
276,aripuana,-9.1667,-60.6333,72.73,99,100,3.36,BR,1704414742
277,katpur,21.05,71.7833,64.67,47,0,11.05,IN,1704414744
278,kabare,-2.4683,28.8242,61.18,98,100,3.6,CD,1704414744
279,sangmelima,2.9333,11.9833,65.95,95,90,1.16,CM,1704414746
280,tanumah,27.1,44.1333,54.12,68,0,5.99,SA,1704414746
281,gisborne,-38.6533,178.0042,72.27,58,100,7.14,NZ,1704414747
282,sittwe,20.15,92.9,63.19,75,61,5.75,MM,1704414748
283,palmer,42.1584,-72.3287,32.02,49,0,12.66,US,1704414540
284,taoudenni,22.6783,-3.9836,65.97,16,0,8.3,ML,1704414749
285,molina,-35.1167,-71.2833,73.13,56,0,8.05,CL,1704414750
286,belmonte,-15.8631,-38.8828,80.53,87,100,12.46,BR,1704414751
287,barreirinhas,-2.7469,-42.8264,80.29,82,100,8.21,BR,1704414751
288,tazacorte,28.629,-17.9293,67.17,94,100,4.61,ES,1704414752
289,puerto baquerizo moreno,-0.9,-89.6,76.08,86,35,9.95,EC,1704414753
290,aras-asan,8.8908,126.3033,81.19,72,100,2.51,PH,1704414753
291,benjamin constant,-4.3831,-70.0311,77.13,98,100,2.59,BR,1704414754
292,paciran,-6.8767,112.3761,81.52,76,100,6.8,ID,1704414755
293,rio preto da eva,-2.6994,-59.6997,79.92,65,94,1.99,BR,1704414756
294,ljungsbro,58.5167,15.5,11.5,86,20,9.22,SE,1704414756
295,bataipora,-22.2953,-53.2711,79.38,58,36,4.09,BR,1704414757
296,aksu,41.1231,80.2644,20.7,63,14,1.95,CN,1704414758
297,las lajitas,-24.6833,-64.25,79.25,54,100,4.14,AR,1704414759
298,itoman,26.1247,127.6694,64.42,55,40,12.66,JP,1704414759
299,pierre,44.3683,-100.351,31.12,87,100,12.66,US,1704414706
300,kedougou,12.5579,-12.1743,81.18,41,0,4.61,SN,1704414760
301,vanimo,-2.6741,141.3028,85.24,73,15,1.79,PG,1704414761
302,borogontsy,62.6683,131.1683,-30.1,99,99,2.91,RU,1704414761
303,tafuna,-14.3358,-170.72,84.15,100,75,11.5,AS,1704414762
304,tikrit,34.6071,43.6782,53.98,68,5,7.81,IQ,1704414763
305,midvagur,62.0511,-7.1939,43.63,87,100,11.5,FO,1704414763
306,ndioum,16.5129,-14.6471,69.69,12,100,9.75,SN,1704414764
307,vorkuta,67.5,64.0,-18.02,100,100,5.19,RU,1704414764
308,murom,55.5656,42.0417,-12.64,100,77,1.88,RU,1704414765
309,kalmunai,7.4167,81.8167,77.67,87,99,4.65,LK,1704414766
310,ampanihy,-24.7,44.75,70.83,92,91,6.24,MG,1704414766
311,skagen,57.7209,10.5839,24.51,72,100,16.82,DK,1704414767
312,poronaysk,49.2167,143.1167,5.07,88,100,3.4,RU,1704414767
313,forest,37.3638,-79.2897,37.45,59,0,0.0,US,1704414743
314,bereeda,11.8704,51.0579,74.8,62,100,6.82,SO,1704414770
315,reggane,26.7158,0.1714,61.2,24,97,7.07,DZ,1704414771
316,kununurra,-15.7667,128.7333,85.98,74,99,8.05,AU,1704414633
317,galesong,-5.3166,119.3661,80.62,74,100,4.18,ID,1704414772
318,minuyan,10.5137,123.1049,80.51,69,33,5.66,PH,1704414773
319,nogliki,51.8333,143.1667,-11.65,100,75,4.0,RU,1704414774
320,klyuchi,52.2667,79.1667,22.42,77,100,17.16,RU,1704414775
321,monteagudo,-19.8167,-63.9833,71.74,74,100,2.57,BO,1704414775
322,guider,9.9342,13.9486,73.06,17,10,5.97,CM,1704414776
323,northam,51.0333,-4.2167,47.66,84,100,13.06,GB,1704414776
324,saint clair,38.55,-89.9168,35.78,73,20,4.61,US,1704414777
325,tolanaro,-25.0319,46.9987,75.27,94,75,11.5,MG,1704414777
326,sao paulo de olivenca,-3.3783,-68.8725,75.61,96,100,1.92,BR,1704414778
327,adrar,20.5022,-10.0711,63.34,17,0,8.03,MR,1704414779
328,al kharijah,25.4514,30.5464,53.78,44,0,8.43,EG,1704414780
329,zhangjiakou,40.81,114.8794,14.76,82,94,1.16,CN,1704414781
330,nasiriyah,31.0521,46.261,57.61,61,0,7.25,IQ,1704414782
331,ingeniero guillermo n. juarez,-23.9,-61.85,82.99,41,0,1.48,AR,1704414782
332,lima,-12.0432,-77.0282,76.89,71,75,10.36,PE,1704414635
333,mahina,-17.5065,-149.489,85.77,70,75,5.75,PF,1704414784
334,vuktyl,63.8567,57.3094,-22.9,100,100,3.0,RU,1704414784
335,antofagasta,-23.65,-70.4,69.08,81,31,2.86,CL,1704414785
336,lautoka,-17.6167,177.4667,89.46,62,40,14.97,FJ,1704414785
337,bokkos,9.3,9.0,62.19,20,100,7.23,NG,1704414786
338,kodiak,57.79,-152.4072,36.91,87,100,16.11,US,1704414787
339,la passe,45.5549,-0.8967,50.23,87,100,8.39,FR,1704414787
340,prince rupert,54.3161,-130.3201,44.29,90,40,24.16,CA,1704414788
341,arvayheer,46.2639,102.775,-0.96,77,0,6.96,MN,1704414789
342,amarante do maranhao,-5.5667,-46.7422,74.44,92,100,0.67,BR,1704414790
343,kerikeri,-35.2268,173.9474,71.47,63,100,5.75,NZ,1704414791
344,petropavlovsk-kamchatsky,53.0452,158.6483,6.46,83,75,8.99,RU,1704414547
345,tarawa,1.419,172.984,84.29,79,75,8.05,KI,1704414792
346,solnechnyy,50.7214,136.6319,-7.98,88,100,5.53,RU,1704414793
347,lazaro cardenas,17.9583,-102.2,75.43,74,0,4.9,MX,1704414777
348,mossel bay,-34.1831,22.146,62.53,90,100,7.76,ZA,1704414794
349,kapa'a,22.0752,-159.319,82.38,74,0,6.91,US,1704414795
350,tual,-5.6667,132.75,83.39,75,24,1.5,ID,1704414795
351,punta del este,-34.9667,-54.95,71.71,82,0,10.36,UY,1704414603
352,nea alikarnassos,35.3333,25.1667,64.81,82,20,6.91,GR,1704414797
353,ancud,-41.8697,-73.8203,59.18,97,100,6.17,CL,1704414798
354,xilin hot,43.9667,116.0333,5.18,96,97,6.26,CN,1704414798
355,neryungri,56.6709,124.6491,-15.99,100,100,2.89,RU,1704414799
356,saint-joseph,-21.3667,55.6167,77.38,86,100,3.62,RE,1704414799
357,jamestown,42.097,-79.2353,27.99,80,100,5.99,US,1704414020
358,nagqu,31.5,92.0,1.78,59,79,3.04,CN,1704414800
359,bonthe,7.5264,-12.505,78.98,86,97,2.8,SL,1704414801
360,vihti,60.417,24.3197,4.51,80,100,11.01,FI,1704414802
361,ruteng,-8.6136,120.4721,72.28,78,98,0.74,ID,1704414804
362,porto novo,6.4965,2.6036,84.02,82,9,6.24,BJ,1704414805
363,ghadamis,30.1337,9.5007,56.57,43,50,9.62,LY,1704414805
364,holdrege,40.4403,-99.3698,30.11,100,100,8.05,US,1704414806
365,pikeville,37.4793,-82.5188,34.61,81,0,3.44,US,1704414807
366,vrbas,45.5714,19.6408,44.92,86,46,5.32,RS,1704414807
367,hithadhoo,-0.6,73.0833,82.67,76,81,9.19,MV,1704414808
368,zunyi,27.6867,106.9072,46.63,86,97,1.34,CN,1704414805
369,paracuru,-3.41,-39.0306,83.1,80,21,9.78,BR,1704414809
370,mme-bafumen,6.3333,10.2333,62.74,30,58,2.93,CM,1704414810
371,mega,4.05,38.3,60.84,44,0,4.29,ET,1704414812
372,mount pearl,47.5166,-52.7813,29.95,95,100,13.8,CA,1704414558
373,luza,60.6308,47.2512,-15.0,100,73,3.6,RU,1704414814
374,amorebieta,43.2167,-2.7333,50.18,78,100,2.3,ES,1704414814
375,las vegas,36.175,-115.1372,57.88,32,0,25.01,US,1704414559
376,cizre,37.3272,42.1903,49.03,96,100,3.89,TR,1704414816
377,tomatlan,19.9333,-105.25,68.4,84,40,4.63,MX,1704414817
378,belgrade,44.804,20.4651,44.26,86,0,4.61,RS,1704414564
379,kota bharu,6.1333,102.2386,76.98,94,40,2.3,MY,1704414818
380,weno,7.4515,151.8468,85.95,74,75,8.05,FM,1704414818
381,matthew town,20.95,-73.6667,77.99,78,5,5.75,BS,1704414819
382,papao,-17.75,-149.55,85.68,81,100,20.04,PF,1704414819
383,pocone,-16.2567,-56.6228,82.26,68,100,1.86,BR,1704414820
384,salinopolis,-0.6136,-47.3561,79.07,89,100,8.63,BR,1704414820
385,masterton,-40.9597,175.6575,63.88,59,100,6.82,NZ,1704414821
386,jwaneng,-24.6004,24.7303,71.11,48,100,11.59,BW,1704414822
387,rakops,-21.0167,24.3333,81.37,41,12,14.29,BW,1704414823
388,lata,40.1629,-8.3327,47.07,96,100,4.09,PT,1704414825
389,necochea,-38.5473,-58.7368,73.22,50,91,15.52,AR,1704414825
390,meadow lakes,61.6247,-149.6011,28.85,73,40,5.99,US,1704414826
391,tra vinh,9.9347,106.3453,79.2,70,100,8.46,VN,1704414826
392,kutum,14.2,24.6667,54.88,27,59,6.64,SD,1704414827
393,black mountain,35.6179,-82.3212,33.1,76,4,3.0,US,1704414566
394,mbanza kongo,-6.267,14.2401,68.07,98,100,1.54,AO,1704414828
395,walvis bay,-22.9575,14.5053,67.15,88,0,0.0,NA,1704414829
396,rongelap,11.1635,166.8941,80.91,71,85,18.54,MH,1704414829
397,greenville,35.6127,-77.3663,40.12,76,0,0.0,US,1704414830
398,saudarkrokur,65.7461,-19.6394,17.55,87,40,7.14,IS,1704414831
399,cabedelo,-6.9811,-34.8339,81.27,80,27,8.55,BR,1704414831
400,okha,53.5739,142.9478,-6.41,98,71,5.32,RU,1704414736
401,at taraf,25.3628,49.725,54.14,58,0,9.08,SA,1704414832
402,kudahuvadhoo,2.6708,72.8944,81.97,77,65,8.81,MV,1704414833
403,columbia falls,48.3725,-114.1815,35.13,94,100,0.0,US,1704414833
404,armacao de buzios,-22.7469,-41.8817,77.05,91,100,8.41,BR,1704414833
405,arar,30.9753,41.0381,48.22,76,0,4.61,SA,1704414835
406,oriximina,-1.7656,-55.8661,82.27,66,100,2.24,BR,1704414836
407,dryden,49.7833,-92.7503,12.49,79,100,10.36,CA,1704414837
408,tadmur,34.5608,38.2805,50.59,77,1,2.89,SY,1704414838
409,coxim,-18.5067,-54.76,82.89,65,100,2.91,BR,1704414839
410,brownsville,25.9018,-97.4975,68.09,78,100,12.66,US,1704414688
411,moyale,3.5167,39.0584,68.23,41,0,6.76,KE,1704414840
412,souillac,-20.5167,57.5167,80.98,89,75,0.0,MU,1704414840
413,vaasa,63.096,21.6158,-23.78,76,0,1.14,FI,1704414841
414,lethem,3.3803,-59.7968,83.32,42,30,8.84,GY,1704414841
415,rantoul,40.3084,-88.1559,33.82,70,100,0.0,US,1704414842
416,kharabali,47.4196,47.2568,38.7,94,54,7.43,RU,1704414843
417,seoni malwa,22.45,77.4667,63.7,80,92,5.06,IN,1704414843
418,kosh-agach,50.0,88.6667,-7.69,95,86,1.01,RU,1704414844
419,egilsstadir,65.2653,-14.3948,33.71,93,75,8.05,IS,1704414845
420,bhimunipatnam,17.8833,83.4333,65.71,75,43,6.73,IN,1704414845
421,eyl,7.9803,49.8164,72.9,69,0,13.73,SO,1704414846
422,polyarnyy,69.1989,33.4478,-1.53,79,0,18.3,RU,1704414802
423,tamandare,-8.7597,-35.1047,79.95,82,10,9.66,BR,1704414849
424,chatham,51.3789,0.5279,48.11,77,100,4.88,GB,1704414850
425,lake park,26.8003,-80.0664,64.38,85,75,11.5,US,1704414850
426,vryheid,-27.7695,30.7917,60.37,94,100,2.57,ZA,1704414851
427,najran,17.4924,44.1277,57.85,50,1,1.86,SA,1704414851
428,lyantonde,-0.4031,31.1572,63.97,86,100,2.53,UG,1704414852
429,bergisch gladbach,50.9833,7.1333,47.97,80,75,12.66,DE,1704414853
430,attalla,34.0218,-86.0886,39.92,85,0,5.75,US,1704414853
431,dudinka,69.4058,86.1778,-14.33,95,100,14.0,RU,1704414854
432,ad douiem,14.0012,32.3116,65.23,23,0,12.1,SD,1704414855
433,gouyave,12.1646,-61.7296,79.57,83,20,11.5,GD,1704414855
434,severo-yeniseyskiy,60.3725,93.0408,-35.43,100,93,4.0,RU,1704414856
435,krymsk,44.9293,37.9912,50.05,86,100,16.02,RU,1704414856
436,lingyuan,41.24,119.4011,16.75,79,100,2.86,CN,1704414857
437,usogorsk,63.4106,48.6872,-21.33,100,100,3.33,RU,1704414857
438,inarajan village,13.2736,144.7484,86.4,84,14,10.45,GU,1704414858
439,barra,-11.0894,-43.1417,75.99,86,100,3.27,BR,1704414859
440,palencia,42.4167,-4.5,40.8,89,100,5.84,ES,1704414859
441,luang namtha,20.9497,101.4011,57.22,100,100,2.3,LA,1704414860
442,alesund,62.4723,6.1549,29.75,61,20,14.97,NO,1704414861
443,gualeguaychu,-33.0094,-58.5172,69.73,77,4,7.67,AR,1704414862
444,flin flon,54.7682,-101.865,10.24,79,100,11.5,CA,1704414863
445,kupino,54.3663,77.2981,19.8,85,100,16.67,RU,1704414863
446,grand falls-windsor,48.9332,-55.6649,23.95,96,100,4.12,CA,1704414864
447,colonia,50.9333,6.95,48.88,86,40,11.5,DE,1704414587
448,port saint john's,-31.6229,29.5448,66.74,87,27,8.08,ZA,1704414865
449,chardara,41.2547,67.9692,48.04,72,10,6.69,KZ,1704414849
450,luganville,-15.5333,167.1667,81.1,83,100,6.82,VU,1704414866
451,mana,5.6592,-53.7767,77.27,89,82,7.65,GF,1704414867
452,owen sound,44.5672,-80.9435,23.38,89,100,7.0,CA,1704414867
453,al ghayzah,16.2079,52.176,72.23,69,10,0.76,YE,1704414868
454,timbuktu,16.7735,-3.0074,70.68,13,34,7.65,ML,1704414868
455,huarmey,-10.0681,-78.1522,72.54,85,100,7.54,PE,1704414869
456,coquimbo,-29.9533,-71.3436,64.13,88,20,11.5,CL,1704414869
457,berdigestyakh,62.0989,126.6992,-12.26,98,100,5.39,RU,1704414870
458,balkanabat,39.5108,54.3671,51.19,49,100,3.31,TM,1704414870
459,ribadesella,43.4614,-5.0596,47.95,80,100,9.64,ES,1704414871
460,tromso,69.6496,18.957,23.02,58,20,19.57,NO,1704414871
461,sainte-suzanne,-20.9061,55.6089,79.02,95,100,3.44,RE,1704414872
462,talara,-4.5772,-81.2719,77.76,73,0,5.75,PE,1704414872
463,tralee,52.2704,-9.7026,44.2,90,91,10.54,IE,1704414873
464,malvan,16.0667,73.4667,72.1,73,78,5.75,IN,1704414873
465,misratah,32.3754,15.0925,61.23,38,93,9.28,LY,1704414874
466,holualoa,19.6228,-155.9522,76.84,70,0,6.91,US,1704414875
467,saint-pierre,-21.3393,55.4781,78.48,89,40,3.44,RE,1704414875
468,jumla,29.2747,82.1838,29.95,33,0,5.46,NP,1704414876
469,antsiranana,-12.2787,49.2917,79.45,80,41,9.26,MG,1704414876
470,swift current,50.2834,-107.8014,16.61,100,100,5.75,CA,1704414771
471,pacific grove,36.6177,-121.9166,59.43,80,0,18.99,US,1704414877
472,siwa oasis,29.2041,25.5195,54.1,51,0,6.46,EG,1704414878
473,sabancuy,18.9667,-91.1833,73.09,83,4,3.91,MX,1704414878
474,susuman,62.7833,148.1667,-43.62,100,97,0.67,RU,1704414803
475,ketchikan,55.3422,-131.6461,42.78,93,75,10.36,US,1704414879
476,catumbela,-12.4314,13.5472,76.01,82,100,1.32,AO,1704414880
477,kidal,18.4411,1.4078,68.85,15,18,7.99,ML,1704414880
478,nguigmi,14.2495,13.1092,67.62,24,97,10.69,NE,1704414881
479,santa cruz,-17.8,-63.1667,85.46,70,40,2.3,BO,1704414737
480,kuala belait,4.5833,114.1833,80.76,92,100,6.82,BN,1704414882
481,jaithari,23.2333,78.6167,60.93,79,82,3.2,IN,1704414883
482,mount gambier,-37.8333,140.7667,75.07,53,18,10.67,AU,1704414883
483,south hedland,-20.4089,118.5983,84.13,65,3,13.8,AU,1704414884
484,susanville,40.4163,-120.653,42.91,67,100,4.61,US,1704414872
485,muisne,0.6,-80.0333,77.67,89,97,5.97,EC,1704414884
486,massawa,15.6097,39.45,78.6,70,0,1.83,ER,1704414885
487,kattivakkam,13.2167,80.3167,77.09,75,93,8.88,IN,1704414885
488,malmberget,67.1753,20.6549,-30.44,68,21,3.44,SE,1704414886
489,matoury,4.8483,-52.3317,80.56,83,75,4.61,GF,1704414886
490,cam ranh,11.9214,109.1591,73.36,73,20,6.91,VN,1704414887
491,chinsali,-10.5414,32.0816,61.09,98,96,4.7,ZM,1704414887
492,kashgar,39.4547,75.9797,24.01,58,40,6.71,CN,1704414888
493,horta,38.5333,-28.6333,62.02,93,100,21.99,PT,1704414888
494,nebraska city,40.6767,-95.8592,33.6,86,100,5.75,US,1704414856
495,brainerd,46.358,-94.2008,19.69,76,100,16.11,US,1704414722
496,barra de santo antonio,-9.4047,-35.5072,79.88,85,8,12.06,BR,1704414890
497,novozavedennoye,44.2628,43.6381,29.5,77,100,7.54,RU,1704414890
498,seosan,36.7817,126.4522,44.65,82,16,9.66,KR,1704414891
499,fortaleza,-3.7227,-38.5247,84.07,83,40,9.22,BR,1704414822
500,murmashi,68.8154,32.8115,-17.99,76,14,2.24,RU,1704414891
501,la gi,10.6667,107.7833,77.5,64,100,12.48,VN,1704414892
502,labuan,5.2767,115.2417,82.76,83,20,1.14,MY,1704414892
503,qarazhal,48.0078,70.7903,24.1,83,100,11.16,KZ,1704414893
504,ishim,56.1128,69.4902,22.32,97,100,8.03,RU,1704414893
505,lauro de freitas,-12.8944,-38.3272,82.42,89,75,16.11,BR,1704414894
506,katsuren-haebaru,26.3369,127.8719,64.42,72,40,4.61,JP,1704414895
507,avon,41.4517,-82.0354,27.95,72,100,9.22,US,1704414895
508,ko pha ngan,9.7578,100.0291,74.08,74,100,7.4,TH,1704414896
509,santa ana,33.7456,-117.8678,66.0,46,20,10.36,US,1704414896
510,north battleford,52.7834,-108.2847,21.29,86,100,4.61,CA,1704414897
511,marka,1.7159,44.7717,75.78,77,40,13.04,SO,1704414897
512,challapata,-18.9,-66.7667,56.77,55,100,7.58,BO,1704414898
513,tangalle,6.024,80.7911,75.36,90,100,3.29,LK,1704414898
514,fisterra,42.9049,-9.2629,50.76,72,100,20.24,ES,1704414899
515,bubaque,11.2833,-15.8333,78.71,70,5,14.65,GW,1704414899
516,bamboo flat,11.7,92.7167,80.69,78,20,10.36,IN,1704414900
517,ishinomaki,38.4167,141.3,39.2,61,2,11.77,JP,1704414900
518,mexico,15.0646,120.7198,81.14,65,46,8.16,PH,1704414901
519,yartsevo,55.0667,32.6964,4.96,82,100,9.17,RU,1704414902
520,al burayqah,30.4062,19.5739,61.32,56,71,8.3,LY,1704414902
521,santa rosa,14.3122,121.1114,85.08,81,99,13.13,PH,1704414903
522,dunda,-8.1167,34.25,64.42,91,99,1.68,TZ,1704414904
523,kalemie,-5.9475,29.1947,67.66,89,100,4.45,CD,1704414905
524,geraldton,-28.7667,114.6,82.81,32,0,25.32,AU,1704414906
525,wanning,18.8003,110.3967,71.08,76,100,5.64,CN,1704414906
526,rio verde de mato grosso,-18.9181,-54.8442,78.49,75,35,3.29,BR,1704414907
527,el porvenir,13.7617,-87.3458,79.93,68,47,4.9,HN,1704414907
528,ribeira brava,32.65,-17.0667,65.71,74,97,6.62,PT,1704414908
529,malakal,9.5334,31.6605,72.01,26,3,6.44,SS,1704414908
530,howrah,22.5892,88.3103,59.0,88,0,0.0,IN,1704414909
531,flekkefjord,58.2971,6.6607,18.95,77,24,10.76,NO,1704414909
532,ocean city,39.2776,-74.5746,39.22,62,0,11.01,US,1704414677
533,taber,49.8167,-112.1518,39.2,58,12,12.66,CA,1704414912
534,santiago de cao,-7.9589,-79.2392,71.73,88,40,9.22,PE,1704414913
535,nanakuli,21.3906,-158.1547,82.35,61,0,10.36,US,1704414913
536,bandar abbas,27.1865,56.2808,60.78,72,0,6.91,IR,1704414914
537,roma,43.2128,-75.4557,23.83,73,100,5.75,US,1704414657
538,fort scott,37.8398,-94.7083,38.95,75,100,8.9,US,1704414915
539,puerto deseado,-47.7503,-65.8938,72.88,35,100,13.0,AR,1704414915
540,bikenibeu village,1.3673,173.1241,84.16,79,75,8.05,KI,1704414916
541,sandnessjoen,66.0217,12.6316,14.52,96,100,16.4,NO,1704414916
542,tofol,5.3248,163.0078,87.58,70,100,11.5,FM,1704414917
543,shagonar,51.5333,92.8,-11.09,98,92,1.36,RU,1704414918
544,port isabel,26.0734,-97.2086,68.07,81,100,8.05,US,1704414918
545,kharan,28.5833,65.4167,55.06,80,29,5.97,PK,1704414919
546,illizi,26.4833,8.4667,53.4,20,6,4.38,DZ,1704414919
547,kindu,-2.95,25.95,68.47,98,100,2.68,CD,1704414920
548,porbandar,21.6422,69.6093,65.34,39,1,9.6,IN,1704414920
549,kaoma,-14.7833,24.8,65.14,99,100,3.47,ZM,1704414921
550,starkville,33.4504,-88.8184,40.87,75,0,5.75,US,1704414922
551,apolinario saravia,-24.4328,-63.9954,80.8,50,68,6.13,AR,1704414923
552,palangkaraya,-2.2,113.8333,79.52,88,100,4.32,ID,1704414923
553,sertanopolis,-23.0586,-51.0364,86.07,75,3,5.28,BR,1704414924
554,yantarnyy,54.8717,19.9381,24.66,80,100,17.98,RU,1704414924
555,bandon,51.7469,-8.7425,42.39,88,100,10.92,IE,1704414925
556,xique xique,-10.8217,-42.7311,78.46,80,98,4.7,BR,1704414925
557,guiuan,11.0333,125.7247,80.96,83,32,10.27,PH,1704414926
558,ak-suu,42.4995,78.527,24.71,56,100,7.96,KG,1704414926
559,ambovombe,-25.1667,46.0833,72.12,89,4,8.03,MG,1704414927
560,kavieng,-2.5744,150.7967,84.6,72,94,2.89,PG,1704414927
561,moranbah,-22.0016,148.0466,89.78,41,7,9.82,AU,1704414928
562,puerto aysen,-45.4,-72.7,58.5,99,100,4.92,CL,1704414928
563,hanceville,34.0607,-86.7675,38.55,77,0,3.76,US,1704414793
564,valka,57.7752,26.0101,7.45,93,100,10.4,LV,1704414930
565,puerto santa,-8.9906,-78.6456,71.47,86,100,8.25,PE,1704414931
566,alghero,40.5589,8.3181,50.09,100,0,2.3,IT,1704414932
567,la rioja,42.25,-2.5,33.58,87,99,4.32,ES,1704414932
568,astrakhan,46.3497,48.0408,35.47,100,0,6.71,RU,1704414933
569,xai-xai,-25.0519,33.6442,74.88,66,82,6.91,MZ,1704414933
570,grinnell,41.743,-92.7224,30.18,79,0,1.99,US,1704414934
571,shingu,33.7333,135.9833,52.43,54,0,3.09,JP,1704414934
572,tabuk,17.4189,121.4443,71.92,87,100,4.0,PH,1704414935
573,chokwe,-24.5333,32.9833,71.87,80,83,4.52,MZ,1704414935
